{"accuracy": 0.8410702035216099, "precision": 0.9613992762364294, "recall": 0.7164044943820225, "f1": 0.8210146793716199, "confusion_matrix": [[2084, 64], [631, 1594]]}